﻿IndicatorId,IndicatorName,IndicatorShortName,Source,SourceYear,Author,LocationId,Location,Iso2,Iso3,TimeId,Time,VariantId,Variant,SexId,Sex,AgeId,AgeStart,AgeEnd,Age,CategoryId,Category,EstimateTypeId,EstimateType,EstimateMethodId,EstimateMethod,Value
49,"Total population by sex","Total population by sex","World Population Prospects",2024,"United Nations Population Division",348,"Hungary","HU","HUN",51,"2000",4,"Median",3,"Both sexes",188,0,-1,"Total",0,"Not applicable",1,"Model-based Estimates",2,"Interpolation",10190599.5
49,"Total population by sex","Total population by sex","World Population Prospects",2024,"United Nations Population Division",348,"Hungary","HU","HUN",52,"2001",4,"Median",3,"Both sexes",188,0,-1,"Total",0,"Not applicable",1,"Model-based Estimates",2,"Interpolation",10166690
49,"Total population by sex","Total population by sex","World Population Prospects",2024,"United Nations Population Division",348,"Hungary","HU","HUN",53,"2002",4,"Median",3,"Both sexes",188,0,-1,"Total",0,"Not applicable",1,"Model-based Estimates",2,"Interpolation",10138465.5
49,"Total population by sex","Total population by sex","World Population Prospects",2024,"United Nations Population Division",348,"Hungary","HU","HUN",54,"2003",4,"Median",3,"Both sexes",188,0,-1,"Total",0,"Not applicable",1,"Model-based Estimates",2,"Interpolation",10108963
49,"Total population by sex","Total population by sex","World Population Prospects",2024,"United Nations Population Division",348,"Hungary","HU","HUN",55,"2004",4,"Median",3,"Both sexes",188,0,-1,"Total",0,"Not applicable",1,"Model-based Estimates",2,"Interpolation",10085791
49,"Total population by sex","Total population by sex","World Population Prospects",2024,"United Nations Population Division",348,"Hungary","HU","HUN",56,"2005",4,"Median",3,"Both sexes",188,0,-1,"Total",0,"Not applicable",1,"Model-based Estimates",2,"Interpolation",10065706
49,"Total population by sex","Total population by sex","World Population Prospects",2024,"United Nations Population Division",348,"Hungary","HU","HUN",57,"2006",4,"Median",3,"Both sexes",188,0,-1,"Total",0,"Not applicable",1,"Model-based Estimates",2,"Interpolation",10049943
49,"Total population by sex","Total population by sex","World Population Prospects",2024,"United Nations Population Division",348,"Hungary","HU","HUN",58,"2007",4,"Median",3,"Both sexes",188,0,-1,"Total",0,"Not applicable",1,"Model-based Estimates",2,"Interpolation",10034081.5
49,"Total population by sex","Total population by sex","World Population Prospects",2024,"United Nations Population Division",348,"Hungary","HU","HUN",59,"2008",4,"Median",3,"Both sexes",188,0,-1,"Total",0,"Not applicable",1,"Model-based Estimates",2,"Interpolation",10016657
49,"Total population by sex","Total population by sex","World Population Prospects",2024,"United Nations Population Division",348,"Hungary","HU","HUN",60,"2009",4,"Median",3,"Both sexes",188,0,-1,"Total",0,"Not applicable",1,"Model-based Estimates",2,"Interpolation",10001378
49,"Total population by sex","Total population by sex","World Population Prospects",2024,"United Nations Population Division",348,"Hungary","HU","HUN",61,"2010",4,"Median",3,"Both sexes",188,0,-1,"Total",0,"Not applicable",1,"Model-based Estimates",2,"Interpolation",9979128.5
49,"Total population by sex","Total population by sex","World Population Prospects",2024,"United Nations Population Division",348,"Hungary","HU","HUN",62,"2011",4,"Median",3,"Both sexes",188,0,-1,"Total",0,"Not applicable",1,"Model-based Estimates",2,"Interpolation",9946676.5
49,"Total population by sex","Total population by sex","World Population Prospects",2024,"United Nations Population Division",348,"Hungary","HU","HUN",63,"2012",4,"Median",3,"Both sexes",188,0,-1,"Total",0,"Not applicable",1,"Model-based Estimates",2,"Interpolation",9916623
49,"Total population by sex","Total population by sex","World Population Prospects",2024,"United Nations Population Division",348,"Hungary","HU","HUN",64,"2013",4,"Median",3,"Both sexes",188,0,-1,"Total",0,"Not applicable",1,"Model-based Estimates",2,"Interpolation",9889346.5
49,"Total population by sex","Total population by sex","World Population Prospects",2024,"United Nations Population Division",348,"Hungary","HU","HUN",65,"2014",4,"Median",3,"Both sexes",188,0,-1,"Total",0,"Not applicable",1,"Model-based Estimates",2,"Interpolation",9862842
49,"Total population by sex","Total population by sex","World Population Prospects",2024,"United Nations Population Division",348,"Hungary","HU","HUN",66,"2015",4,"Median",3,"Both sexes",188,0,-1,"Total",0,"Not applicable",1,"Model-based Estimates",2,"Interpolation",9839211
49,"Total population by sex","Total population by sex","World Population Prospects",2024,"United Nations Population Division",348,"Hungary","HU","HUN",67,"2016",4,"Median",3,"Both sexes",188,0,-1,"Total",0,"Not applicable",1,"Model-based Estimates",2,"Interpolation",9810532
49,"Total population by sex","Total population by sex","World Population Prospects",2024,"United Nations Population Division",348,"Hungary","HU","HUN",68,"2017",4,"Median",3,"Both sexes",188,0,-1,"Total",0,"Not applicable",1,"Model-based Estimates",2,"Interpolation",9785604.5
49,"Total population by sex","Total population by sex","World Population Prospects",2024,"United Nations Population Division",348,"Hungary","HU","HUN",69,"2018",4,"Median",3,"Both sexes",188,0,-1,"Total",0,"Not applicable",1,"Model-based Estimates",2,"Interpolation",9774393.5
49,"Total population by sex","Total population by sex","World Population Prospects",2024,"United Nations Population Division",348,"Hungary","HU","HUN",70,"2019",4,"Median",3,"Both sexes",188,0,-1,"Total",0,"Not applicable",1,"Model-based Estimates",2,"Interpolation",9770346.5
49,"Total population by sex","Total population by sex","World Population Prospects",2024,"United Nations Population Division",348,"Hungary","HU","HUN",71,"2020",4,"Median",3,"Both sexes",188,0,-1,"Total",0,"Not applicable",1,"Model-based Estimates",2,"Interpolation",9749456.5
49,"Total population by sex","Total population by sex","World Population Prospects",2024,"United Nations Population Division",348,"Hungary","HU","HUN",72,"2021",4,"Median",3,"Both sexes",188,0,-1,"Total",0,"Not applicable",1,"Model-based Estimates",2,"Interpolation",9707849.5
49,"Total population by sex","Total population by sex","World Population Prospects",2024,"United Nations Population Division",348,"Hungary","HU","HUN",73,"2022",4,"Median",3,"Both sexes",188,0,-1,"Total",0,"Not applicable",1,"Model-based Estimates",3,"Projection",9684305.5
49,"Total population by sex","Total population by sex","World Population Prospects",2024,"United Nations Population Division",348,"Hungary","HU","HUN",74,"2023",4,"Median",3,"Both sexes",188,0,-1,"Total",0,"Not applicable",1,"Model-based Estimates",3,"Projection",9686463.5
49,"Total population by sex","Total population by sex","World Population Prospects",2024,"United Nations Population Division",348,"Hungary","HU","HUN",75,"2024",4,"Median",3,"Both sexes",188,0,-1,"Total",0,"Not applicable",1,"Model-based Estimates",3,"Projection",9676134.5
49,"Total population by sex","Total population by sex","World Population Prospects",2024,"United Nations Population Division",348,"Hungary","HU","HUN",76,"2025",4,"Median",3,"Both sexes",188,0,-1,"Total",0,"Not applicable",1,"Model-based Estimates",3,"Projection",9632287
49,"Total population by sex","Total population by sex","World Population Prospects",2024,"United Nations Population Division",348,"Hungary","HU","HUN",77,"2026",4,"Median",3,"Both sexes",188,0,-1,"Total",0,"Not applicable",1,"Model-based Estimates",3,"Projection",9585818
49,"Total population by sex","Total population by sex","World Population Prospects",2024,"United Nations Population Division",348,"Hungary","HU","HUN",78,"2027",4,"Median",3,"Both sexes",188,0,-1,"Total",0,"Not applicable",1,"Model-based Estimates",3,"Projection",9553241.5
49,"Total population by sex","Total population by sex","World Population Prospects",2024,"United Nations Population Division",348,"Hungary","HU","HUN",79,"2028",4,"Median",3,"Both sexes",188,0,-1,"Total",0,"Not applicable",1,"Model-based Estimates",3,"Projection",9519888
49,"Total population by sex","Total population by sex","World Population Prospects",2024,"United Nations Population Division",348,"Hungary","HU","HUN",80,"2029",4,"Median",3,"Both sexes",188,0,-1,"Total",0,"Not applicable",1,"Model-based Estimates",3,"Projection",9485106.5
49,"Total population by sex","Total population by sex","World Population Prospects",2024,"United Nations Population Division",348,"Hungary","HU","HUN",81,"2030",4,"Median",3,"Both sexes",188,0,-1,"Total",0,"Not applicable",1,"Model-based Estimates",3,"Projection",9449115
49,"Total population by sex","Total population by sex","World Population Prospects",2024,"United Nations Population Division",348,"Hungary","HU","HUN",82,"2031",4,"Median",3,"Both sexes",188,0,-1,"Total",0,"Not applicable",1,"Model-based Estimates",3,"Projection",9412405.5
49,"Total population by sex","Total population by sex","World Population Prospects",2024,"United Nations Population Division",348,"Hungary","HU","HUN",83,"2032",4,"Median",3,"Both sexes",188,0,-1,"Total",0,"Not applicable",1,"Model-based Estimates",3,"Projection",9375019
49,"Total population by sex","Total population by sex","World Population Prospects",2024,"United Nations Population Division",348,"Hungary","HU","HUN",84,"2033",4,"Median",3,"Both sexes",188,0,-1,"Total",0,"Not applicable",1,"Model-based Estimates",3,"Projection",9337096.5
49,"Total population by sex","Total population by sex","World Population Prospects",2024,"United Nations Population Division",348,"Hungary","HU","HUN",85,"2034",4,"Median",3,"Both sexes",188,0,-1,"Total",0,"Not applicable",1,"Model-based Estimates",3,"Projection",9298723.5
49,"Total population by sex","Total population by sex","World Population Prospects",2024,"United Nations Population Division",348,"Hungary","HU","HUN",86,"2035",4,"Median",3,"Both sexes",188,0,-1,"Total",0,"Not applicable",1,"Model-based Estimates",3,"Projection",9259903
49,"Total population by sex","Total population by sex","World Population Prospects",2024,"United Nations Population Division",348,"Hungary","HU","HUN",87,"2036",4,"Median",3,"Both sexes",188,0,-1,"Total",0,"Not applicable",1,"Model-based Estimates",3,"Projection",9221116.5
49,"Total population by sex","Total population by sex","World Population Prospects",2024,"United Nations Population Division",348,"Hungary","HU","HUN",88,"2037",4,"Median",3,"Both sexes",188,0,-1,"Total",0,"Not applicable",1,"Model-based Estimates",3,"Projection",9182265
49,"Total population by sex","Total population by sex","World Population Prospects",2024,"United Nations Population Division",348,"Hungary","HU","HUN",89,"2038",4,"Median",3,"Both sexes",188,0,-1,"Total",0,"Not applicable",1,"Model-based Estimates",3,"Projection",9143649
49,"Total population by sex","Total population by sex","World Population Prospects",2024,"United Nations Population Division",348,"Hungary","HU","HUN",90,"2039",4,"Median",3,"Both sexes",188,0,-1,"Total",0,"Not applicable",1,"Model-based Estimates",3,"Projection",9105459
49,"Total population by sex","Total population by sex","World Population Prospects",2024,"United Nations Population Division",348,"Hungary","HU","HUN",91,"2040",4,"Median",3,"Both sexes",188,0,-1,"Total",0,"Not applicable",1,"Model-based Estimates",3,"Projection",9067617
49,"Total population by sex","Total population by sex","World Population Prospects",2024,"United Nations Population Division",348,"Hungary","HU","HUN",92,"2041",4,"Median",3,"Both sexes",188,0,-1,"Total",0,"Not applicable",1,"Model-based Estimates",3,"Projection",9030575.5
49,"Total population by sex","Total population by sex","World Population Prospects",2024,"United Nations Population Division",348,"Hungary","HU","HUN",93,"2042",4,"Median",3,"Both sexes",188,0,-1,"Total",0,"Not applicable",1,"Model-based Estimates",3,"Projection",8994159.5
49,"Total population by sex","Total population by sex","World Population Prospects",2024,"United Nations Population Division",348,"Hungary","HU","HUN",94,"2043",4,"Median",3,"Both sexes",188,0,-1,"Total",0,"Not applicable",1,"Model-based Estimates",3,"Projection",8958564.5
49,"Total population by sex","Total population by sex","World Population Prospects",2024,"United Nations Population Division",348,"Hungary","HU","HUN",95,"2044",4,"Median",3,"Both sexes",188,0,-1,"Total",0,"Not applicable",1,"Model-based Estimates",3,"Projection",8923747
49,"Total population by sex","Total population by sex","World Population Prospects",2024,"United Nations Population Division",348,"Hungary","HU","HUN",96,"2045",4,"Median",3,"Both sexes",188,0,-1,"Total",0,"Not applicable",1,"Model-based Estimates",3,"Projection",8889214
49,"Total population by sex","Total population by sex","World Population Prospects",2024,"United Nations Population Division",348,"Hungary","HU","HUN",97,"2046",4,"Median",3,"Both sexes",188,0,-1,"Total",0,"Not applicable",1,"Model-based Estimates",3,"Projection",8855135
49,"Total population by sex","Total population by sex","World Population Prospects",2024,"United Nations Population Division",348,"Hungary","HU","HUN",98,"2047",4,"Median",3,"Both sexes",188,0,-1,"Total",0,"Not applicable",1,"Model-based Estimates",3,"Projection",8821749
49,"Total population by sex","Total population by sex","World Population Prospects",2024,"United Nations Population Division",348,"Hungary","HU","HUN",99,"2048",4,"Median",3,"Both sexes",188,0,-1,"Total",0,"Not applicable",1,"Model-based Estimates",3,"Projection",8789131
49,"Total population by sex","Total population by sex","World Population Prospects",2024,"United Nations Population Division",348,"Hungary","HU","HUN",100,"2049",4,"Median",3,"Both sexes",188,0,-1,"Total",0,"Not applicable",1,"Model-based Estimates",3,"Projection",8757036.5
49,"Total population by sex","Total population by sex","World Population Prospects",2024,"United Nations Population Division",348,"Hungary","HU","HUN",101,"2050",4,"Median",3,"Both sexes",188,0,-1,"Total",0,"Not applicable",1,"Model-based Estimates",3,"Projection",8725347
49,"Total population by sex","Total population by sex","World Population Prospects",2024,"United Nations Population Division",348,"Hungary","HU","HUN",102,"2051",4,"Median",3,"Both sexes",188,0,-1,"Total",0,"Not applicable",1,"Model-based Estimates",3,"Projection",8693973
49,"Total population by sex","Total population by sex","World Population Prospects",2024,"United Nations Population Division",348,"Hungary","HU","HUN",103,"2052",4,"Median",3,"Both sexes",188,0,-1,"Total",0,"Not applicable",1,"Model-based Estimates",3,"Projection",8662648.5
49,"Total population by sex","Total population by sex","World Population Prospects",2024,"United Nations Population Division",348,"Hungary","HU","HUN",104,"2053",4,"Median",3,"Both sexes",188,0,-1,"Total",0,"Not applicable",1,"Model-based Estimates",3,"Projection",8631347
49,"Total population by sex","Total population by sex","World Population Prospects",2024,"United Nations Population Division",348,"Hungary","HU","HUN",105,"2054",4,"Median",3,"Both sexes",188,0,-1,"Total",0,"Not applicable",1,"Model-based Estimates",3,"Projection",8599603.5
49,"Total population by sex","Total population by sex","World Population Prospects",2024,"United Nations Population Division",348,"Hungary","HU","HUN",106,"2055",4,"Median",3,"Both sexes",188,0,-1,"Total",0,"Not applicable",1,"Model-based Estimates",3,"Projection",8567294
49,"Total population by sex","Total population by sex","World Population Prospects",2024,"United Nations Population Division",348,"Hungary","HU","HUN",107,"2056",4,"Median",3,"Both sexes",188,0,-1,"Total",0,"Not applicable",1,"Model-based Estimates",3,"Projection",8534336
49,"Total population by sex","Total population by sex","World Population Prospects",2024,"United Nations Population Division",348,"Hungary","HU","HUN",108,"2057",4,"Median",3,"Both sexes",188,0,-1,"Total",0,"Not applicable",1,"Model-based Estimates",3,"Projection",8500956
49,"Total population by sex","Total population by sex","World Population Prospects",2024,"United Nations Population Division",348,"Hungary","HU","HUN",109,"2058",4,"Median",3,"Both sexes",188,0,-1,"Total",0,"Not applicable",1,"Model-based Estimates",3,"Projection",8467489
49,"Total population by sex","Total population by sex","World Population Prospects",2024,"United Nations Population Division",348,"Hungary","HU","HUN",110,"2059",4,"Median",3,"Both sexes",188,0,-1,"Total",0,"Not applicable",1,"Model-based Estimates",3,"Projection",8433026
49,"Total population by sex","Total population by sex","World Population Prospects",2024,"United Nations Population Division",348,"Hungary","HU","HUN",111,"2060",4,"Median",3,"Both sexes",188,0,-1,"Total",0,"Not applicable",1,"Model-based Estimates",3,"Projection",8397581
49,"Total population by sex","Total population by sex","World Population Prospects",2024,"United Nations Population Division",348,"Hungary","HU","HUN",112,"2061",4,"Median",3,"Both sexes",188,0,-1,"Total",0,"Not applicable",1,"Model-based Estimates",3,"Projection",8361838
49,"Total population by sex","Total population by sex","World Population Prospects",2024,"United Nations Population Division",348,"Hungary","HU","HUN",113,"2062",4,"Median",3,"Both sexes",188,0,-1,"Total",0,"Not applicable",1,"Model-based Estimates",3,"Projection",8325673.500000001
49,"Total population by sex","Total population by sex","World Population Prospects",2024,"United Nations Population Division",348,"Hungary","HU","HUN",114,"2063",4,"Median",3,"Both sexes",188,0,-1,"Total",0,"Not applicable",1,"Model-based Estimates",3,"Projection",8289212.5
49,"Total population by sex","Total population by sex","World Population Prospects",2024,"United Nations Population Division",348,"Hungary","HU","HUN",115,"2064",4,"Median",3,"Both sexes",188,0,-1,"Total",0,"Not applicable",1,"Model-based Estimates",3,"Projection",8252255.499999999
49,"Total population by sex","Total population by sex","World Population Prospects",2024,"United Nations Population Division",348,"Hungary","HU","HUN",116,"2065",4,"Median",3,"Both sexes",188,0,-1,"Total",0,"Not applicable",1,"Model-based Estimates",3,"Projection",8215198
49,"Total population by sex","Total population by sex","World Population Prospects",2024,"United Nations Population Division",348,"Hungary","HU","HUN",117,"2066",4,"Median",3,"Both sexes",188,0,-1,"Total",0,"Not applicable",1,"Model-based Estimates",3,"Projection",8179078.5
49,"Total population by sex","Total population by sex","World Population Prospects",2024,"United Nations Population Division",348,"Hungary","HU","HUN",118,"2067",4,"Median",3,"Both sexes",188,0,-1,"Total",0,"Not applicable",1,"Model-based Estimates",3,"Projection",8143847.5
49,"Total population by sex","Total population by sex","World Population Prospects",2024,"United Nations Population Division",348,"Hungary","HU","HUN",119,"2068",4,"Median",3,"Both sexes",188,0,-1,"Total",0,"Not applicable",1,"Model-based Estimates",3,"Projection",8109149
49,"Total population by sex","Total population by sex","World Population Prospects",2024,"United Nations Population Division",348,"Hungary","HU","HUN",120,"2069",4,"Median",3,"Both sexes",188,0,-1,"Total",0,"Not applicable",1,"Model-based Estimates",3,"Projection",8075227
49,"Total population by sex","Total population by sex","World Population Prospects",2024,"United Nations Population Division",348,"Hungary","HU","HUN",121,"2070",4,"Median",3,"Both sexes",188,0,-1,"Total",0,"Not applicable",1,"Model-based Estimates",3,"Projection",8042274
49,"Total population by sex","Total population by sex","World Population Prospects",2024,"United Nations Population Division",348,"Hungary","HU","HUN",122,"2071",4,"Median",3,"Both sexes",188,0,-1,"Total",0,"Not applicable",1,"Model-based Estimates",3,"Projection",8010392.5
49,"Total population by sex","Total population by sex","World Population Prospects",2024,"United Nations Population Division",348,"Hungary","HU","HUN",123,"2072",4,"Median",3,"Both sexes",188,0,-1,"Total",0,"Not applicable",1,"Model-based Estimates",3,"Projection",7979863
49,"Total population by sex","Total population by sex","World Population Prospects",2024,"United Nations Population Division",348,"Hungary","HU","HUN",124,"2073",4,"Median",3,"Both sexes",188,0,-1,"Total",0,"Not applicable",1,"Model-based Estimates",3,"Projection",7950790
49,"Total population by sex","Total population by sex","World Population Prospects",2024,"United Nations Population Division",348,"Hungary","HU","HUN",125,"2074",4,"Median",3,"Both sexes",188,0,-1,"Total",0,"Not applicable",1,"Model-based Estimates",3,"Projection",7923085
49,"Total population by sex","Total population by sex","World Population Prospects",2024,"United Nations Population Division",348,"Hungary","HU","HUN",126,"2075",4,"Median",3,"Both sexes",188,0,-1,"Total",0,"Not applicable",1,"Model-based Estimates",3,"Projection",7896838.5
49,"Total population by sex","Total population by sex","World Population Prospects",2024,"United Nations Population Division",348,"Hungary","HU","HUN",127,"2076",4,"Median",3,"Both sexes",188,0,-1,"Total",0,"Not applicable",1,"Model-based Estimates",3,"Projection",7872084.5
49,"Total population by sex","Total population by sex","World Population Prospects",2024,"United Nations Population Division",348,"Hungary","HU","HUN",128,"2077",4,"Median",3,"Both sexes",188,0,-1,"Total",0,"Not applicable",1,"Model-based Estimates",3,"Projection",7848702.5
49,"Total population by sex","Total population by sex","World Population Prospects",2024,"United Nations Population Division",348,"Hungary","HU","HUN",129,"2078",4,"Median",3,"Both sexes",188,0,-1,"Total",0,"Not applicable",1,"Model-based Estimates",3,"Projection",7826636
49,"Total population by sex","Total population by sex","World Population Prospects",2024,"United Nations Population Division",348,"Hungary","HU","HUN",130,"2079",4,"Median",3,"Both sexes",188,0,-1,"Total",0,"Not applicable",1,"Model-based Estimates",3,"Projection",7805375
49,"Total population by sex","Total population by sex","World Population Prospects",2024,"United Nations Population Division",348,"Hungary","HU","HUN",131,"2080",4,"Median",3,"Both sexes",188,0,-1,"Total",0,"Not applicable",1,"Model-based Estimates",3,"Projection",7784774
49,"Total population by sex","Total population by sex","World Population Prospects",2024,"United Nations Population Division",348,"Hungary","HU","HUN",132,"2081",4,"Median",3,"Both sexes",188,0,-1,"Total",0,"Not applicable",1,"Model-based Estimates",3,"Projection",7765072
49,"Total population by sex","Total population by sex","World Population Prospects",2024,"United Nations Population Division",348,"Hungary","HU","HUN",133,"2082",4,"Median",3,"Both sexes",188,0,-1,"Total",0,"Not applicable",1,"Model-based Estimates",3,"Projection",7746134.5
49,"Total population by sex","Total population by sex","World Population Prospects",2024,"United Nations Population Division",348,"Hungary","HU","HUN",134,"2083",4,"Median",3,"Both sexes",188,0,-1,"Total",0,"Not applicable",1,"Model-based Estimates",3,"Projection",7728008.5
49,"Total population by sex","Total population by sex","World Population Prospects",2024,"United Nations Population Division",348,"Hungary","HU","HUN",135,"2084",4,"Median",3,"Both sexes",188,0,-1,"Total",0,"Not applicable",1,"Model-based Estimates",3,"Projection",7710707.5
49,"Total population by sex","Total population by sex","World Population Prospects",2024,"United Nations Population Division",348,"Hungary","HU","HUN",136,"2085",4,"Median",3,"Both sexes",188,0,-1,"Total",0,"Not applicable",1,"Model-based Estimates",3,"Projection",7693491
49,"Total population by sex","Total population by sex","World Population Prospects",2024,"United Nations Population Division",348,"Hungary","HU","HUN",137,"2086",4,"Median",3,"Both sexes",188,0,-1,"Total",0,"Not applicable",1,"Model-based Estimates",3,"Projection",7676142
49,"Total population by sex","Total population by sex","World Population Prospects",2024,"United Nations Population Division",348,"Hungary","HU","HUN",138,"2087",4,"Median",3,"Both sexes",188,0,-1,"Total",0,"Not applicable",1,"Model-based Estimates",3,"Projection",7659361.5
49,"Total population by sex","Total population by sex","World Population Prospects",2024,"United Nations Population Division",348,"Hungary","HU","HUN",139,"2088",4,"Median",3,"Both sexes",188,0,-1,"Total",0,"Not applicable",1,"Model-based Estimates",3,"Projection",7643377.5
49,"Total population by sex","Total population by sex","World Population Prospects",2024,"United Nations Population Division",348,"Hungary","HU","HUN",140,"2089",4,"Median",3,"Both sexes",188,0,-1,"Total",0,"Not applicable",1,"Model-based Estimates",3,"Projection",7627608.5
49,"Total population by sex","Total population by sex","World Population Prospects",2024,"United Nations Population Division",348,"Hungary","HU","HUN",141,"2090",4,"Median",3,"Both sexes",188,0,-1,"Total",0,"Not applicable",1,"Model-based Estimates",3,"Projection",7612095.5
49,"Total population by sex","Total population by sex","World Population Prospects",2024,"United Nations Population Division",348,"Hungary","HU","HUN",142,"2091",4,"Median",3,"Both sexes",188,0,-1,"Total",0,"Not applicable",1,"Model-based Estimates",3,"Projection",7597025.5
49,"Total population by sex","Total population by sex","World Population Prospects",2024,"United Nations Population Division",348,"Hungary","HU","HUN",143,"2092",4,"Median",3,"Both sexes",188,0,-1,"Total",0,"Not applicable",1,"Model-based Estimates",3,"Projection",7582214.5
49,"Total population by sex","Total population by sex","World Population Prospects",2024,"United Nations Population Division",348,"Hungary","HU","HUN",144,"2093",4,"Median",3,"Both sexes",188,0,-1,"Total",0,"Not applicable",1,"Model-based Estimates",3,"Projection",7567305.5
49,"Total population by sex","Total population by sex","World Population Prospects",2024,"United Nations Population Division",348,"Hungary","HU","HUN",145,"2094",4,"Median",3,"Both sexes",188,0,-1,"Total",0,"Not applicable",1,"Model-based Estimates",3,"Projection",7552185.5
49,"Total population by sex","Total population by sex","World Population Prospects",2024,"United Nations Population Division",348,"Hungary","HU","HUN",146,"2095",4,"Median",3,"Both sexes",188,0,-1,"Total",0,"Not applicable",1,"Model-based Estimates",3,"Projection",7537199.5
49,"Total population by sex","Total population by sex","World Population Prospects",2024,"United Nations Population Division",348,"Hungary","HU","HUN",147,"2096",4,"Median",3,"Both sexes",188,0,-1,"Total",0,"Not applicable",1,"Model-based Estimates",3,"Projection",7522323
49,"Total population by sex","Total population by sex","World Population Prospects",2024,"United Nations Population Division",348,"Hungary","HU","HUN",148,"2097",4,"Median",3,"Both sexes",188,0,-1,"Total",0,"Not applicable",1,"Model-based Estimates",3,"Projection",7507567
49,"Total population by sex","Total population by sex","World Population Prospects",2024,"United Nations Population Division",348,"Hungary","HU","HUN",149,"2098",4,"Median",3,"Both sexes",188,0,-1,"Total",0,"Not applicable",1,"Model-based Estimates",3,"Projection",7492514.5
49,"Total population by sex","Total population by sex","World Population Prospects",2024,"United Nations Population Division",348,"Hungary","HU","HUN",150,"2099",4,"Median",3,"Both sexes",188,0,-1,"Total",0,"Not applicable",1,"Model-based Estimates",3,"Projection",7476780.5
49,"Total population by sex","Total population by sex","World Population Prospects",2024,"United Nations Population Division",348,"Hungary","HU","HUN",151,"2100",4,"Median",3,"Both sexes",188,0,-1,"Total",0,"Not applicable",1,"Model-based Estimates",3,"Projection",7460742.5
49,"Total population by sex","Total population by sex","World Population Prospects",2024,"United Nations Population Division",705,"Slovenia","SI","SVN",51,"2000",4,"Median",3,"Both sexes",188,0,-1,"Total",0,"Not applicable",1,"Model-based Estimates",2,"Interpolation",1986816
49,"Total population by sex","Total population by sex","World Population Prospects",2024,"United Nations Population Division",705,"Slovenia","SI","SVN",52,"2001",4,"Median",3,"Both sexes",188,0,-1,"Total",0,"Not applicable",1,"Model-based Estimates",2,"Interpolation",1989679
49,"Total population by sex","Total population by sex","World Population Prospects",2024,"United Nations Population Division",705,"Slovenia","SI","SVN",53,"2002",4,"Median",3,"Both sexes",188,0,-1,"Total",0,"Not applicable",1,"Model-based Estimates",2,"Interpolation",1991571.5
49,"Total population by sex","Total population by sex","World Population Prospects",2024,"United Nations Population Division",705,"Slovenia","SI","SVN",54,"2003",4,"Median",3,"Both sexes",188,0,-1,"Total",0,"Not applicable",1,"Model-based Estimates",2,"Interpolation",1992490
49,"Total population by sex","Total population by sex","World Population Prospects",2024,"United Nations Population Division",705,"Slovenia","SI","SVN",55,"2004",4,"Median",3,"Both sexes",188,0,-1,"Total",0,"Not applicable",1,"Model-based Estimates",2,"Interpolation",1993545
49,"Total population by sex","Total population by sex","World Population Prospects",2024,"United Nations Population Division",705,"Slovenia","SI","SVN",56,"2005",4,"Median",3,"Both sexes",188,0,-1,"Total",0,"Not applicable",1,"Model-based Estimates",2,"Interpolation",1996913.5
49,"Total population by sex","Total population by sex","World Population Prospects",2024,"United Nations Population Division",705,"Slovenia","SI","SVN",57,"2006",4,"Median",3,"Both sexes",188,0,-1,"Total",0,"Not applicable",1,"Model-based Estimates",2,"Interpolation",2003114
49,"Total population by sex","Total population by sex","World Population Prospects",2024,"United Nations Population Division",705,"Slovenia","SI","SVN",58,"2007",4,"Median",3,"Both sexes",188,0,-1,"Total",0,"Not applicable",1,"Model-based Estimates",2,"Interpolation",2014157.5
49,"Total population by sex","Total population by sex","World Population Prospects",2024,"United Nations Population Division",705,"Slovenia","SI","SVN",59,"2008",4,"Median",3,"Both sexes",188,0,-1,"Total",0,"Not applicable",1,"Model-based Estimates",2,"Interpolation",2025085.5
49,"Total population by sex","Total population by sex","World Population Prospects",2024,"United Nations Population Division",705,"Slovenia","SI","SVN",60,"2009",4,"Median",3,"Both sexes",188,0,-1,"Total",0,"Not applicable",1,"Model-based Estimates",2,"Interpolation",2035608
49,"Total population by sex","Total population by sex","World Population Prospects",2024,"United Nations Population Division",705,"Slovenia","SI","SVN",61,"2010",4,"Median",3,"Both sexes",188,0,-1,"Total",0,"Not applicable",1,"Model-based Estimates",2,"Interpolation",2044612
49,"Total population by sex","Total population by sex","World Population Prospects",2024,"United Nations Population Division",705,"Slovenia","SI","SVN",62,"2011",4,"Median",3,"Both sexes",188,0,-1,"Total",0,"Not applicable",1,"Model-based Estimates",2,"Interpolation",2048804
49,"Total population by sex","Total population by sex","World Population Prospects",2024,"United Nations Population Division",705,"Slovenia","SI","SVN",63,"2012",4,"Median",3,"Both sexes",188,0,-1,"Total",0,"Not applicable",1,"Model-based Estimates",2,"Interpolation",2053321
49,"Total population by sex","Total population by sex","World Population Prospects",2024,"United Nations Population Division",705,"Slovenia","SI","SVN",64,"2013",4,"Median",3,"Both sexes",188,0,-1,"Total",0,"Not applicable",1,"Model-based Estimates",2,"Interpolation",2056441.5
49,"Total population by sex","Total population by sex","World Population Prospects",2024,"United Nations Population Division",705,"Slovenia","SI","SVN",65,"2014",4,"Median",3,"Both sexes",188,0,-1,"Total",0,"Not applicable",1,"Model-based Estimates",2,"Interpolation",2058400.5000000002
49,"Total population by sex","Total population by sex","World Population Prospects",2024,"United Nations Population Division",705,"Slovenia","SI","SVN",66,"2015",4,"Median",3,"Both sexes",188,0,-1,"Total",0,"Not applicable",1,"Model-based Estimates",2,"Interpolation",2059947
49,"Total population by sex","Total population by sex","World Population Prospects",2024,"United Nations Population Division",705,"Slovenia","SI","SVN",67,"2016",4,"Median",3,"Both sexes",188,0,-1,"Total",0,"Not applicable",1,"Model-based Estimates",2,"Interpolation",2061373
49,"Total population by sex","Total population by sex","World Population Prospects",2024,"United Nations Population Division",705,"Slovenia","SI","SVN",68,"2017",4,"Median",3,"Both sexes",188,0,-1,"Total",0,"Not applicable",1,"Model-based Estimates",2,"Interpolation",2062409.9999999998
49,"Total population by sex","Total population by sex","World Population Prospects",2024,"United Nations Population Division",705,"Slovenia","SI","SVN",69,"2018",4,"Median",3,"Both sexes",188,0,-1,"Total",0,"Not applicable",1,"Model-based Estimates",2,"Interpolation",2069480.5000000002
49,"Total population by sex","Total population by sex","World Population Prospects",2024,"United Nations Population Division",705,"Slovenia","SI","SVN",70,"2019",4,"Median",3,"Both sexes",188,0,-1,"Total",0,"Not applicable",1,"Model-based Estimates",2,"Interpolation",2083439.5
49,"Total population by sex","Total population by sex","World Population Prospects",2024,"United Nations Population Division",705,"Slovenia","SI","SVN",71,"2020",4,"Median",3,"Both sexes",188,0,-1,"Total",0,"Not applicable",1,"Model-based Estimates",2,"Interpolation",2102419.5
49,"Total population by sex","Total population by sex","World Population Prospects",2024,"United Nations Population Division",705,"Slovenia","SI","SVN",72,"2021",4,"Median",3,"Both sexes",188,0,-1,"Total",0,"Not applicable",1,"Model-based Estimates",2,"Interpolation",2113494
49,"Total population by sex","Total population by sex","World Population Prospects",2024,"United Nations Population Division",705,"Slovenia","SI","SVN",73,"2022",4,"Median",3,"Both sexes",188,0,-1,"Total",0,"Not applicable",1,"Model-based Estimates",3,"Projection",2115228
49,"Total population by sex","Total population by sex","World Population Prospects",2024,"United Nations Population Division",705,"Slovenia","SI","SVN",74,"2023",4,"Median",3,"Both sexes",188,0,-1,"Total",0,"Not applicable",1,"Model-based Estimates",3,"Projection",2118396
49,"Total population by sex","Total population by sex","World Population Prospects",2024,"United Nations Population Division",705,"Slovenia","SI","SVN",75,"2024",4,"Median",3,"Both sexes",188,0,-1,"Total",0,"Not applicable",1,"Model-based Estimates",3,"Projection",2118696.5
49,"Total population by sex","Total population by sex","World Population Prospects",2024,"United Nations Population Division",705,"Slovenia","SI","SVN",76,"2025",4,"Median",3,"Both sexes",188,0,-1,"Total",0,"Not applicable",1,"Model-based Estimates",3,"Projection",2117072
49,"Total population by sex","Total population by sex","World Population Prospects",2024,"United Nations Population Division",705,"Slovenia","SI","SVN",77,"2026",4,"Median",3,"Both sexes",188,0,-1,"Total",0,"Not applicable",1,"Model-based Estimates",3,"Projection",2114573.5
49,"Total population by sex","Total population by sex","World Population Prospects",2024,"United Nations Population Division",705,"Slovenia","SI","SVN",78,"2027",4,"Median",3,"Both sexes",188,0,-1,"Total",0,"Not applicable",1,"Model-based Estimates",3,"Projection",2111542.5
49,"Total population by sex","Total population by sex","World Population Prospects",2024,"United Nations Population Division",705,"Slovenia","SI","SVN",79,"2028",4,"Median",3,"Both sexes",188,0,-1,"Total",0,"Not applicable",1,"Model-based Estimates",3,"Projection",2107831.5
49,"Total population by sex","Total population by sex","World Population Prospects",2024,"United Nations Population Division",705,"Slovenia","SI","SVN",80,"2029",4,"Median",3,"Both sexes",188,0,-1,"Total",0,"Not applicable",1,"Model-based Estimates",3,"Projection",2103530
49,"Total population by sex","Total population by sex","World Population Prospects",2024,"United Nations Population Division",705,"Slovenia","SI","SVN",81,"2030",4,"Median",3,"Both sexes",188,0,-1,"Total",0,"Not applicable",1,"Model-based Estimates",3,"Projection",2098956
49,"Total population by sex","Total population by sex","World Population Prospects",2024,"United Nations Population Division",705,"Slovenia","SI","SVN",82,"2031",4,"Median",3,"Both sexes",188,0,-1,"Total",0,"Not applicable",1,"Model-based Estimates",3,"Projection",2094077.4999999998
49,"Total population by sex","Total population by sex","World Population Prospects",2024,"United Nations Population Division",705,"Slovenia","SI","SVN",83,"2032",4,"Median",3,"Both sexes",188,0,-1,"Total",0,"Not applicable",1,"Model-based Estimates",3,"Projection",2089052.4999999998
49,"Total population by sex","Total population by sex","World Population Prospects",2024,"United Nations Population Division",705,"Slovenia","SI","SVN",84,"2033",4,"Median",3,"Both sexes",188,0,-1,"Total",0,"Not applicable",1,"Model-based Estimates",3,"Projection",2083976
49,"Total population by sex","Total population by sex","World Population Prospects",2024,"United Nations Population Division",705,"Slovenia","SI","SVN",85,"2034",4,"Median",3,"Both sexes",188,0,-1,"Total",0,"Not applicable",1,"Model-based Estimates",3,"Projection",2078929.9999999998
49,"Total population by sex","Total population by sex","World Population Prospects",2024,"United Nations Population Division",705,"Slovenia","SI","SVN",86,"2035",4,"Median",3,"Both sexes",188,0,-1,"Total",0,"Not applicable",1,"Model-based Estimates",3,"Projection",2073835.5000000002
49,"Total population by sex","Total population by sex","World Population Prospects",2024,"United Nations Population Division",705,"Slovenia","SI","SVN",87,"2036",4,"Median",3,"Both sexes",188,0,-1,"Total",0,"Not applicable",1,"Model-based Estimates",3,"Projection",2068473.5
49,"Total population by sex","Total population by sex","World Population Prospects",2024,"United Nations Population Division",705,"Slovenia","SI","SVN",88,"2037",4,"Median",3,"Both sexes",188,0,-1,"Total",0,"Not applicable",1,"Model-based Estimates",3,"Projection",2062855.5000000002
49,"Total population by sex","Total population by sex","World Population Prospects",2024,"United Nations Population Division",705,"Slovenia","SI","SVN",89,"2038",4,"Median",3,"Both sexes",188,0,-1,"Total",0,"Not applicable",1,"Model-based Estimates",3,"Projection",2057382.9999999998
49,"Total population by sex","Total population by sex","World Population Prospects",2024,"United Nations Population Division",705,"Slovenia","SI","SVN",90,"2039",4,"Median",3,"Both sexes",188,0,-1,"Total",0,"Not applicable",1,"Model-based Estimates",3,"Projection",2052081.4999999998
49,"Total population by sex","Total population by sex","World Population Prospects",2024,"United Nations Population Division",705,"Slovenia","SI","SVN",91,"2040",4,"Median",3,"Both sexes",188,0,-1,"Total",0,"Not applicable",1,"Model-based Estimates",3,"Projection",2046763.5
49,"Total population by sex","Total population by sex","World Population Prospects",2024,"United Nations Population Division",705,"Slovenia","SI","SVN",92,"2041",4,"Median",3,"Both sexes",188,0,-1,"Total",0,"Not applicable",1,"Model-based Estimates",3,"Projection",2041315
49,"Total population by sex","Total population by sex","World Population Prospects",2024,"United Nations Population Division",705,"Slovenia","SI","SVN",93,"2042",4,"Median",3,"Both sexes",188,0,-1,"Total",0,"Not applicable",1,"Model-based Estimates",3,"Projection",2035404
49,"Total population by sex","Total population by sex","World Population Prospects",2024,"United Nations Population Division",705,"Slovenia","SI","SVN",94,"2043",4,"Median",3,"Both sexes",188,0,-1,"Total",0,"Not applicable",1,"Model-based Estimates",3,"Projection",2029194
49,"Total population by sex","Total population by sex","World Population Prospects",2024,"United Nations Population Division",705,"Slovenia","SI","SVN",95,"2044",4,"Median",3,"Both sexes",188,0,-1,"Total",0,"Not applicable",1,"Model-based Estimates",3,"Projection",2022815
49,"Total population by sex","Total population by sex","World Population Prospects",2024,"United Nations Population Division",705,"Slovenia","SI","SVN",96,"2045",4,"Median",3,"Both sexes",188,0,-1,"Total",0,"Not applicable",1,"Model-based Estimates",3,"Projection",2016282.5
49,"Total population by sex","Total population by sex","World Population Prospects",2024,"United Nations Population Division",705,"Slovenia","SI","SVN",97,"2046",4,"Median",3,"Both sexes",188,0,-1,"Total",0,"Not applicable",1,"Model-based Estimates",3,"Projection",2009695
49,"Total population by sex","Total population by sex","World Population Prospects",2024,"United Nations Population Division",705,"Slovenia","SI","SVN",98,"2047",4,"Median",3,"Both sexes",188,0,-1,"Total",0,"Not applicable",1,"Model-based Estimates",3,"Projection",2002984.5
49,"Total population by sex","Total population by sex","World Population Prospects",2024,"United Nations Population Division",705,"Slovenia","SI","SVN",99,"2048",4,"Median",3,"Both sexes",188,0,-1,"Total",0,"Not applicable",1,"Model-based Estimates",3,"Projection",1996179
49,"Total population by sex","Total population by sex","World Population Prospects",2024,"United Nations Population Division",705,"Slovenia","SI","SVN",100,"2049",4,"Median",3,"Both sexes",188,0,-1,"Total",0,"Not applicable",1,"Model-based Estimates",3,"Projection",1989122.5
49,"Total population by sex","Total population by sex","World Population Prospects",2024,"United Nations Population Division",705,"Slovenia","SI","SVN",101,"2050",4,"Median",3,"Both sexes",188,0,-1,"Total",0,"Not applicable",1,"Model-based Estimates",3,"Projection",1981553
49,"Total population by sex","Total population by sex","World Population Prospects",2024,"United Nations Population Division",705,"Slovenia","SI","SVN",102,"2051",4,"Median",3,"Both sexes",188,0,-1,"Total",0,"Not applicable",1,"Model-based Estimates",3,"Projection",1973639.5
49,"Total population by sex","Total population by sex","World Population Prospects",2024,"United Nations Population Division",705,"Slovenia","SI","SVN",103,"2052",4,"Median",3,"Both sexes",188,0,-1,"Total",0,"Not applicable",1,"Model-based Estimates",3,"Projection",1965352.5
49,"Total population by sex","Total population by sex","World Population Prospects",2024,"United Nations Population Division",705,"Slovenia","SI","SVN",104,"2053",4,"Median",3,"Both sexes",188,0,-1,"Total",0,"Not applicable",1,"Model-based Estimates",3,"Projection",1956748.5
49,"Total population by sex","Total population by sex","World Population Prospects",2024,"United Nations Population Division",705,"Slovenia","SI","SVN",105,"2054",4,"Median",3,"Both sexes",188,0,-1,"Total",0,"Not applicable",1,"Model-based Estimates",3,"Projection",1947892.5
49,"Total population by sex","Total population by sex","World Population Prospects",2024,"United Nations Population Division",705,"Slovenia","SI","SVN",106,"2055",4,"Median",3,"Both sexes",188,0,-1,"Total",0,"Not applicable",1,"Model-based Estimates",3,"Projection",1938686
49,"Total population by sex","Total population by sex","World Population Prospects",2024,"United Nations Population Division",705,"Slovenia","SI","SVN",107,"2056",4,"Median",3,"Both sexes",188,0,-1,"Total",0,"Not applicable",1,"Model-based Estimates",3,"Projection",1929351
49,"Total population by sex","Total population by sex","World Population Prospects",2024,"United Nations Population Division",705,"Slovenia","SI","SVN",108,"2057",4,"Median",3,"Both sexes",188,0,-1,"Total",0,"Not applicable",1,"Model-based Estimates",3,"Projection",1919741
49,"Total population by sex","Total population by sex","World Population Prospects",2024,"United Nations Population Division",705,"Slovenia","SI","SVN",109,"2058",4,"Median",3,"Both sexes",188,0,-1,"Total",0,"Not applicable",1,"Model-based Estimates",3,"Projection",1910149
49,"Total population by sex","Total population by sex","World Population Prospects",2024,"United Nations Population Division",705,"Slovenia","SI","SVN",110,"2059",4,"Median",3,"Both sexes",188,0,-1,"Total",0,"Not applicable",1,"Model-based Estimates",3,"Projection",1900568
49,"Total population by sex","Total population by sex","World Population Prospects",2024,"United Nations Population Division",705,"Slovenia","SI","SVN",111,"2060",4,"Median",3,"Both sexes",188,0,-1,"Total",0,"Not applicable",1,"Model-based Estimates",3,"Projection",1890545.5
49,"Total population by sex","Total population by sex","World Population Prospects",2024,"United Nations Population Division",705,"Slovenia","SI","SVN",112,"2061",4,"Median",3,"Both sexes",188,0,-1,"Total",0,"Not applicable",1,"Model-based Estimates",3,"Projection",1880530.5
49,"Total population by sex","Total population by sex","World Population Prospects",2024,"United Nations Population Division",705,"Slovenia","SI","SVN",113,"2062",4,"Median",3,"Both sexes",188,0,-1,"Total",0,"Not applicable",1,"Model-based Estimates",3,"Projection",1870785.5
49,"Total population by sex","Total population by sex","World Population Prospects",2024,"United Nations Population Division",705,"Slovenia","SI","SVN",114,"2063",4,"Median",3,"Both sexes",188,0,-1,"Total",0,"Not applicable",1,"Model-based Estimates",3,"Projection",1861182
49,"Total population by sex","Total population by sex","World Population Prospects",2024,"United Nations Population Division",705,"Slovenia","SI","SVN",115,"2064",4,"Median",3,"Both sexes",188,0,-1,"Total",0,"Not applicable",1,"Model-based Estimates",3,"Projection",1851458.5
49,"Total population by sex","Total population by sex","World Population Prospects",2024,"United Nations Population Division",705,"Slovenia","SI","SVN",116,"2065",4,"Median",3,"Both sexes",188,0,-1,"Total",0,"Not applicable",1,"Model-based Estimates",3,"Projection",1841738
49,"Total population by sex","Total population by sex","World Population Prospects",2024,"United Nations Population Division",705,"Slovenia","SI","SVN",117,"2066",4,"Median",3,"Both sexes",188,0,-1,"Total",0,"Not applicable",1,"Model-based Estimates",3,"Projection",1832381
49,"Total population by sex","Total population by sex","World Population Prospects",2024,"United Nations Population Division",705,"Slovenia","SI","SVN",118,"2067",4,"Median",3,"Both sexes",188,0,-1,"Total",0,"Not applicable",1,"Model-based Estimates",3,"Projection",1823323
49,"Total population by sex","Total population by sex","World Population Prospects",2024,"United Nations Population Division",705,"Slovenia","SI","SVN",119,"2068",4,"Median",3,"Both sexes",188,0,-1,"Total",0,"Not applicable",1,"Model-based Estimates",3,"Projection",1814229
49,"Total population by sex","Total population by sex","World Population Prospects",2024,"United Nations Population Division",705,"Slovenia","SI","SVN",120,"2069",4,"Median",3,"Both sexes",188,0,-1,"Total",0,"Not applicable",1,"Model-based Estimates",3,"Projection",1805081.5
49,"Total population by sex","Total population by sex","World Population Prospects",2024,"United Nations Population Division",705,"Slovenia","SI","SVN",121,"2070",4,"Median",3,"Both sexes",188,0,-1,"Total",0,"Not applicable",1,"Model-based Estimates",3,"Projection",1796292
49,"Total population by sex","Total population by sex","World Population Prospects",2024,"United Nations Population Division",705,"Slovenia","SI","SVN",122,"2071",4,"Median",3,"Both sexes",188,0,-1,"Total",0,"Not applicable",1,"Model-based Estimates",3,"Projection",1787912
49,"Total population by sex","Total population by sex","World Population Prospects",2024,"United Nations Population Division",705,"Slovenia","SI","SVN",123,"2072",4,"Median",3,"Both sexes",188,0,-1,"Total",0,"Not applicable",1,"Model-based Estimates",3,"Projection",1779811.5
49,"Total population by sex","Total population by sex","World Population Prospects",2024,"United Nations Population Division",705,"Slovenia","SI","SVN",124,"2073",4,"Median",3,"Both sexes",188,0,-1,"Total",0,"Not applicable",1,"Model-based Estimates",3,"Projection",1771777.5
49,"Total population by sex","Total population by sex","World Population Prospects",2024,"United Nations Population Division",705,"Slovenia","SI","SVN",125,"2074",4,"Median",3,"Both sexes",188,0,-1,"Total",0,"Not applicable",1,"Model-based Estimates",3,"Projection",1763893
49,"Total population by sex","Total population by sex","World Population Prospects",2024,"United Nations Population Division",705,"Slovenia","SI","SVN",126,"2075",4,"Median",3,"Both sexes",188,0,-1,"Total",0,"Not applicable",1,"Model-based Estimates",3,"Projection",1756477
49,"Total population by sex","Total population by sex","World Population Prospects",2024,"United Nations Population Division",705,"Slovenia","SI","SVN",127,"2076",4,"Median",3,"Both sexes",188,0,-1,"Total",0,"Not applicable",1,"Model-based Estimates",3,"Projection",1749462
49,"Total population by sex","Total population by sex","World Population Prospects",2024,"United Nations Population Division",705,"Slovenia","SI","SVN",128,"2077",4,"Median",3,"Both sexes",188,0,-1,"Total",0,"Not applicable",1,"Model-based Estimates",3,"Projection",1742744.5
49,"Total population by sex","Total population by sex","World Population Prospects",2024,"United Nations Population Division",705,"Slovenia","SI","SVN",129,"2078",4,"Median",3,"Both sexes",188,0,-1,"Total",0,"Not applicable",1,"Model-based Estimates",3,"Projection",1736137.5
49,"Total population by sex","Total population by sex","World Population Prospects",2024,"United Nations Population Division",705,"Slovenia","SI","SVN",130,"2079",4,"Median",3,"Both sexes",188,0,-1,"Total",0,"Not applicable",1,"Model-based Estimates",3,"Projection",1729788.5
49,"Total population by sex","Total population by sex","World Population Prospects",2024,"United Nations Population Division",705,"Slovenia","SI","SVN",131,"2080",4,"Median",3,"Both sexes",188,0,-1,"Total",0,"Not applicable",1,"Model-based Estimates",3,"Projection",1723704
49,"Total population by sex","Total population by sex","World Population Prospects",2024,"United Nations Population Division",705,"Slovenia","SI","SVN",132,"2081",4,"Median",3,"Both sexes",188,0,-1,"Total",0,"Not applicable",1,"Model-based Estimates",3,"Projection",1717878.5
49,"Total population by sex","Total population by sex","World Population Prospects",2024,"United Nations Population Division",705,"Slovenia","SI","SVN",133,"2082",4,"Median",3,"Both sexes",188,0,-1,"Total",0,"Not applicable",1,"Model-based Estimates",3,"Projection",1712446.5
49,"Total population by sex","Total population by sex","World Population Prospects",2024,"United Nations Population Division",705,"Slovenia","SI","SVN",134,"2083",4,"Median",3,"Both sexes",188,0,-1,"Total",0,"Not applicable",1,"Model-based Estimates",3,"Projection",1707190.5
49,"Total population by sex","Total population by sex","World Population Prospects",2024,"United Nations Population Division",705,"Slovenia","SI","SVN",135,"2084",4,"Median",3,"Both sexes",188,0,-1,"Total",0,"Not applicable",1,"Model-based Estimates",3,"Projection",1702106.5
49,"Total population by sex","Total population by sex","World Population Prospects",2024,"United Nations Population Division",705,"Slovenia","SI","SVN",136,"2085",4,"Median",3,"Both sexes",188,0,-1,"Total",0,"Not applicable",1,"Model-based Estimates",3,"Projection",1697209.5
49,"Total population by sex","Total population by sex","World Population Prospects",2024,"United Nations Population Division",705,"Slovenia","SI","SVN",137,"2086",4,"Median",3,"Both sexes",188,0,-1,"Total",0,"Not applicable",1,"Model-based Estimates",3,"Projection",1692338.5
49,"Total population by sex","Total population by sex","World Population Prospects",2024,"United Nations Population Division",705,"Slovenia","SI","SVN",138,"2087",4,"Median",3,"Both sexes",188,0,-1,"Total",0,"Not applicable",1,"Model-based Estimates",3,"Projection",1687588.5
49,"Total population by sex","Total population by sex","World Population Prospects",2024,"United Nations Population Division",705,"Slovenia","SI","SVN",139,"2088",4,"Median",3,"Both sexes",188,0,-1,"Total",0,"Not applicable",1,"Model-based Estimates",3,"Projection",1683089.5
49,"Total population by sex","Total population by sex","World Population Prospects",2024,"United Nations Population Division",705,"Slovenia","SI","SVN",140,"2089",4,"Median",3,"Both sexes",188,0,-1,"Total",0,"Not applicable",1,"Model-based Estimates",3,"Projection",1678711
49,"Total population by sex","Total population by sex","World Population Prospects",2024,"United Nations Population Division",705,"Slovenia","SI","SVN",141,"2090",4,"Median",3,"Both sexes",188,0,-1,"Total",0,"Not applicable",1,"Model-based Estimates",3,"Projection",1674271
49,"Total population by sex","Total population by sex","World Population Prospects",2024,"United Nations Population Division",705,"Slovenia","SI","SVN",142,"2091",4,"Median",3,"Both sexes",188,0,-1,"Total",0,"Not applicable",1,"Model-based Estimates",3,"Projection",1669929
49,"Total population by sex","Total population by sex","World Population Prospects",2024,"United Nations Population Division",705,"Slovenia","SI","SVN",143,"2092",4,"Median",3,"Both sexes",188,0,-1,"Total",0,"Not applicable",1,"Model-based Estimates",3,"Projection",1665752
49,"Total population by sex","Total population by sex","World Population Prospects",2024,"United Nations Population Division",705,"Slovenia","SI","SVN",144,"2093",4,"Median",3,"Both sexes",188,0,-1,"Total",0,"Not applicable",1,"Model-based Estimates",3,"Projection",1661540.5
49,"Total population by sex","Total population by sex","World Population Prospects",2024,"United Nations Population Division",705,"Slovenia","SI","SVN",145,"2094",4,"Median",3,"Both sexes",188,0,-1,"Total",0,"Not applicable",1,"Model-based Estimates",3,"Projection",1657346.5
49,"Total population by sex","Total population by sex","World Population Prospects",2024,"United Nations Population Division",705,"Slovenia","SI","SVN",146,"2095",4,"Median",3,"Both sexes",188,0,-1,"Total",0,"Not applicable",1,"Model-based Estimates",3,"Projection",1653167.5
49,"Total population by sex","Total population by sex","World Population Prospects",2024,"United Nations Population Division",705,"Slovenia","SI","SVN",147,"2096",4,"Median",3,"Both sexes",188,0,-1,"Total",0,"Not applicable",1,"Model-based Estimates",3,"Projection",1648954
49,"Total population by sex","Total population by sex","World Population Prospects",2024,"United Nations Population Division",705,"Slovenia","SI","SVN",148,"2097",4,"Median",3,"Both sexes",188,0,-1,"Total",0,"Not applicable",1,"Model-based Estimates",3,"Projection",1644670.5
49,"Total population by sex","Total population by sex","World Population Prospects",2024,"United Nations Population Division",705,"Slovenia","SI","SVN",149,"2098",4,"Median",3,"Both sexes",188,0,-1,"Total",0,"Not applicable",1,"Model-based Estimates",3,"Projection",1640464.5
49,"Total population by sex","Total population by sex","World Population Prospects",2024,"United Nations Population Division",705,"Slovenia","SI","SVN",150,"2099",4,"Median",3,"Both sexes",188,0,-1,"Total",0,"Not applicable",1,"Model-based Estimates",3,"Projection",1636334
49,"Total population by sex","Total population by sex","World Population Prospects",2024,"United Nations Population Division",705,"Slovenia","SI","SVN",151,"2100",4,"Median",3,"Both sexes",188,0,-1,"Total",0,"Not applicable",1,"Model-based Estimates",3,"Projection",1632030.5
